first_name,last_name,surname,gender,date_of_birth,address,parent_contact
Jean,Kabongo,Mukendi,M,15-03-2010,Avenue Lubumbashi 123,+243 123 456 789
Marie,Tshimanga,Kalala,F,20-05-2011,Boulevard Lumumba 45,+243 987 654 321
Pierre,Mwamba,Kasongo,M,10-08-2009,Rue de la Paix 78,+243 111 222 333
Sophie,Nsimba,Luamba,F,05-12-2010,Avenue Kasa-Vubu 90,+243 444 555 666
Paul,Mutombo,Kabila,M,25-07-2010,Avenue des Martyrs 12,+243 777 888 999
Grace,Kimpembe,Nzita,F,18-09-2011,Rue de la Victoire 34,+243 222 333 444
